filename,topic
0001,sport
0002,techology
0003,sport
0004,techology
0005,sport
0006,techology
0007,techology
0008,techology
0009,techology
0010,techology
0011,sport
0012,techology
0013,techology
0014,sport
0015,sport
0016,techology
0017,techology
0018,techology
0019,religion
0020,techology
0021,sport
0022,sport
0023,techology
0024,techology
0025,sport
0026,religion
0027,religion
0028,techology
0029,religion
0030,religion
0031,techology
0032,techology
0033,religion
0034,sport
0035,sport
0036,religion
0037,religion
0038,sport
0039,techology
0040,religion
0041,sport
0042,techology
0043,techology
0044,techology
0045,sport
0046,religion
0047,sport
0048,techology
0049,sport
0050,religion
0051,techology
0052,techology
0053,sport
0054,techology
0055,techology
0056,techology
0057,techology
0058,sport
0059,religion
0060,sport
0061,sport
0062,techology
0063,sport
0064,techology
0065,religion
0066,religion
0067,sport
0068,religion
0069,religion
0070,techology
0071,techology
0072,sport
0073,techology
0074,techology
0075,techology
0076,religion
0077,techology
0078,techology
0079,sport
0080,sport
0081,techology
0082,religion
0083,techology
0084,sport
0085,religion
0086,religion
0087,religion
0088,sport
0089,techology
0090,religion
0091,sport
0092,sport
0093,techology
0094,techology
0095,techology
0096,techology
0097,sport
0098,religion
0099,religion
0100,sport
0101,religion
0102,sport
0103,religion
0104,religion
0105,religion
0106,religion
0107,techology
0108,sport
0109,religion
0110,religion
0111,religion
0112,techology
0113,religion
0114,sport
0115,techology
0116,techology
0117,religion
0118,techology
0119,religion
0120,religion
0121,techology
0122,religion
0123,religion
0124,techology
0125,techology
0126,religion
0127,religion
0128,techology
0129,techology
0130,sport
0131,sport
0132,sport
0133,sport
0134,religion
0135,religion
0136,techology
0137,sport
0138,religion
0139,sport
0140,religion
0141,religion
0142,religion
0143,techology
0144,techology
0145,sport
0146,techology
0147,sport
0148,religion
0149,sport
0150,techology
0151,techology
0152,sport
0153,religion
0154,religion
0155,techology
0156,techology
0157,sport
0158,religion
0159,techology
0160,religion
0161,techology
0162,sport
0163,sport
0164,sport
0165,religion
0166,sport
0167,religion
0168,techology
0169,sport
0170,techology
0171,techology
0172,sport
0173,techology
0174,sport
0175,techology
0176,techology
0177,religion
0178,sport
0179,techology
0180,sport
0181,techology
0182,sport
0183,religion
0184,sport
0185,sport
0186,religion
0187,religion
0188,techology
0189,techology
0190,religion
0191,religion
0192,techology
0193,religion
0194,sport
0195,techology
0196,sport
0197,sport
0198,sport
0199,techology
0200,techology
0201,sport
0202,religion
0203,techology
0204,techology
0205,sport
0206,sport
0207,techology
0208,sport
0209,sport
0210,sport
0211,religion
0212,religion
0213,techology
0214,sport
0215,sport
0216,sport
0217,religion
0218,techology
0219,sport
0220,sport
0221,religion
0222,religion
0223,techology
0224,sport
0225,sport
0226,sport
0227,sport
0228,techology
0229,techology
0230,techology
0231,sport
0232,techology
0233,religion
0234,religion
0235,sport
0236,sport
0237,techology
0238,sport
0239,sport
0240,sport
0241,sport
0242,techology
0243,religion
0244,religion
0245,religion
0246,sport
0247,religion
0248,sport
0249,techology
0250,sport
0251,religion
0252,sport
0253,techology
0254,sport
0255,sport
0256,sport
0257,techology
0258,religion
0259,techology
0260,sport
0261,techology
0262,techology
0263,religion
0264,techology
0265,techology
0266,techology
0267,religion
0268,sport
0269,sport
0270,techology
0271,religion
0272,sport
0273,sport
0274,sport
0275,religion
0276,sport
0277,religion
0278,religion
0279,techology
0280,techology
0281,religion
0282,sport
0283,religion
0284,techology
0285,sport
0286,religion
0287,techology
0288,techology
0289,techology
0290,religion
0291,sport
0292,religion
0293,religion
0294,religion
0295,sport
0296,techology
0297,sport
0298,sport
0299,sport
0300,techology
0301,sport
0302,techology
0303,religion
0304,techology
0305,techology
0306,techology
0307,religion
0308,techology
0309,sport
0310,sport
0311,sport
0312,techology
0313,techology
0314,religion
0315,sport
0316,religion
0317,techology
0318,religion
0319,religion
0320,sport
0321,techology
0322,sport
0323,techology
0324,religion
0325,techology
0326,religion
0327,sport
0328,sport
0329,sport
0330,techology
0331,techology
0332,religion
0333,sport
0334,religion
0335,sport
0336,sport
0337,religion
0338,techology
0339,religion
0340,techology
0341,techology
0342,religion
0343,sport
0344,sport
0345,religion
0346,religion
0347,techology
0348,techology
0349,sport
0350,techology
0351,sport
0352,religion
0353,religion
0354,religion
0355,sport
0356,techology
0357,religion
0358,sport
0359,sport
0360,techology
0361,techology
0362,sport
0363,techology
0364,religion
0365,techology
0366,religion
0367,religion
0368,sport
0369,techology
0370,techology
0371,sport
0372,techology
0373,religion
0374,religion
0375,techology
0376,religion
0377,techology
0378,techology
0379,sport
0380,religion
0381,religion
0382,techology
0383,sport
0384,religion
0385,religion
0386,sport
0387,techology
0388,religion
0389,religion
0390,sport
0391,religion
0392,sport
0393,techology
0394,sport
0395,religion
0396,religion
0397,religion
0398,religion
0399,religion
0400,religion
0401,religion
0402,religion
0403,sport
0404,techology
0405,sport
0406,techology
0407,techology
0408,techology
0409,religion
0410,sport
0411,religion
0412,sport
0413,religion
0414,religion
0415,religion
0416,sport
0417,techology
0418,techology
0419,techology
0420,sport
0421,sport
0422,techology
0423,techology
0424,techology
0425,techology
0426,religion
0427,techology
0428,sport
0429,sport
0430,sport
0431,sport
0432,techology
0433,religion
0434,religion
0435,religion
0436,religion
0437,techology
0438,techology
0439,religion
0440,sport
0441,techology
0442,religion
0443,religion
0444,religion
0445,techology
0446,religion
0447,techology
0448,techology
0449,techology
0450,techology
0451,techology
0452,sport
0453,religion
0454,techology
0455,sport
0456,techology
0457,sport
0458,techology
0459,sport
0460,religion
0461,techology
0462,religion
0463,sport
0464,sport
0465,sport
0466,sport
0467,sport
0468,religion
0469,sport
0470,religion
0471,sport
0472,religion
0473,techology
0474,sport
0475,religion
0476,sport
0477,religion
0478,techology
0479,sport
0480,sport
0481,religion
0482,techology
0483,sport
0484,techology
0485,techology
0486,techology
0487,techology
0488,techology
0489,religion
0490,sport
0491,religion
0492,sport
0493,religion
0494,techology
0495,sport
0496,techology
0497,sport
0498,religion
0499,religion
0500,sport
0501,techology
0502,techology
0503,techology
0504,techology
0505,religion
0506,sport
0507,techology
0508,techology
0509,sport
0510,techology
0511,religion
0512,techology
0513,sport
0514,sport
0515,religion
0516,religion
0517,religion
0518,religion
0519,religion
0520,religion
0521,techology
0522,sport
0523,sport
0524,sport
0525,religion
0526,techology
0527,sport
0528,religion
0529,religion
0530,techology
0531,religion
0532,sport
0533,sport
0534,religion
0535,techology
0536,sport
0537,sport
0538,sport
0539,techology
0540,sport
0541,techology
0542,religion
0543,techology
0544,techology
0545,sport
0546,techology
0547,religion
0548,techology
0549,techology
0550,techology
0551,religion
0552,sport
0553,techology
0554,sport
0555,sport
0556,sport
0557,sport
0558,sport
0559,religion
0560,sport
0561,techology
0562,sport
0563,sport
0564,religion
0565,sport
0566,religion
0567,sport
0568,sport
0569,sport
0570,sport
0571,techology
0572,techology
0573,techology
0574,techology
0575,techology
0576,sport
0577,techology
0578,religion
0579,sport
0580,techology
0581,techology
0582,techology
0583,sport
0584,techology
0585,religion
0586,religion
0587,religion
0588,sport
0589,sport
0590,techology
0591,techology
0592,sport
0593,religion
0594,sport
0595,sport
0596,religion
0597,techology
0598,techology
0599,techology
0600,techology
0601,techology
0602,religion
0603,sport
0604,sport
0605,religion
0606,techology
0607,sport
0608,religion
0609,techology
0610,techology
0611,sport
0612,sport
0613,sport
0614,religion
0615,sport
0616,sport
0617,techology
0618,sport
0619,religion
0620,religion
0621,religion
0622,religion
0623,sport
0624,sport
0625,sport
0626,sport
0627,sport
0628,sport
0629,religion
0630,techology
0631,techology
0632,sport
0633,religion
0634,religion
0635,sport
0636,religion
0637,religion
0638,sport
0639,religion
0640,techology
0641,sport
0642,techology
0643,techology
0644,sport
0645,religion
0646,religion
0647,sport
0648,sport
0649,sport
0650,sport
0651,religion
0652,techology
0653,sport
0654,religion
0655,techology
0656,religion
0657,techology
0658,sport
0659,religion
0660,techology
0661,techology
0662,religion
0663,techology
0664,sport
0665,religion
0666,religion
0667,techology
0668,religion
0669,sport
0670,techology
0671,sport
0672,techology
0673,sport
0674,sport
0675,sport
0676,sport
0677,sport
0678,religion
0679,techology
0680,techology
0681,techology
0682,religion
0683,sport
0684,sport
0685,techology
0686,techology
0687,religion
0688,sport
0689,religion
0690,religion
0691,religion
0692,religion
0693,techology
0694,religion
0695,techology
0696,religion
0697,techology
0698,techology
0699,sport
0700,sport
0701,religion
0702,techology
0703,religion
0704,techology
0705,techology
0706,sport
0707,sport
0708,religion
0709,sport
0710,sport
0711,techology
0712,religion
0713,religion
0714,techology
0715,sport
0716,religion
0717,techology
0718,techology
0719,religion
0720,religion
0721,techology
0722,techology
0723,techology
0724,religion
0725,techology
0726,sport
0727,techology
0728,techology
0729,religion
0730,religion
0731,techology
0732,religion
0733,techology
0734,sport
0735,religion
0736,techology
0737,techology
0738,religion
0739,religion
0740,techology
0741,techology
0742,religion
0743,sport
0744,techology
0745,sport
0746,religion
0747,techology
0748,sport
0749,techology
0750,techology
0751,sport
0752,religion
0753,religion
0754,religion
0755,techology
0756,sport
0757,religion
0758,techology
0759,sport
0760,sport
0761,techology
0762,sport
0763,religion
0764,religion
0765,sport
0766,sport
0767,sport
0768,techology
0769,religion
0770,religion
0771,religion
0772,sport
0773,religion
0774,sport
0775,sport
0776,techology
0777,sport
0778,religion
0779,sport
0780,sport
0781,sport
0782,religion
0783,religion
0784,techology
0785,religion
0786,sport
0787,techology
0788,religion
0789,techology
0790,sport
0791,religion
0792,sport
0793,sport
0794,techology
0795,sport
0796,techology
0797,religion
0798,sport
0799,techology
0800,sport
0801,religion
0802,techology
0803,religion
0804,techology
0805,sport
0806,religion
0807,religion
0808,techology
0809,techology
0810,religion
0811,techology
0812,sport
0813,techology
0814,techology
0815,religion
0816,techology
0817,sport
0818,sport
0819,techology
0820,religion
0821,religion
0822,sport
0823,techology
0824,techology
0825,techology
0826,techology
0827,techology
0828,religion
0829,religion
0830,religion
0831,sport
0832,techology
0833,techology
0834,religion
0835,religion
0836,techology
0837,sport
0838,sport
0839,religion
0840,sport
0841,religion
0842,techology
0843,religion
0844,techology
0845,techology
0846,techology
0847,techology
0848,sport
0849,religion
0850,techology
0851,sport
0852,sport
0853,religion
0854,sport
0855,techology
0856,sport
0857,sport
0858,religion
0859,religion
0860,sport
0861,sport
0862,sport
0863,religion
0864,sport
0865,sport
0866,religion
0867,sport
0868,sport
0869,religion
0870,religion
0871,religion
0872,sport
0873,techology
0874,techology
0875,religion
0876,sport
0877,techology
0878,techology
0879,sport
0880,sport
0881,techology
0882,techology
0883,sport
0884,sport
0885,sport
0886,techology
0887,techology
0888,religion
0889,techology
0890,religion
0891,techology
0892,techology
0893,techology
0894,sport
0895,techology
0896,sport
0897,techology
0898,sport
0899,techology
0900,religion
0901,sport
0902,sport
0903,religion
0904,techology
0905,techology
0906,religion
0907,techology
0908,sport
0909,techology
0910,techology
0911,sport
0912,sport
0913,religion
0914,religion
0915,sport
0916,religion
0917,religion
0918,techology
0919,techology
0920,religion
0921,techology
0922,sport
0923,religion
0924,sport
0925,techology
0926,religion
0927,religion
0928,sport
0929,techology
0930,sport
0931,religion
0932,religion
0933,techology
0934,sport
0935,religion
0936,sport
0937,religion
0938,religion
0939,sport
0940,sport
0941,sport
0942,sport
0943,religion
0944,sport
0945,techology
0946,sport
0947,techology
0948,sport
0949,sport
0950,religion
0951,religion
0952,techology
0953,techology
0954,religion
0955,techology
0956,sport
0957,techology
0958,religion
0959,techology
0960,techology
0961,techology
0962,religion
0963,religion
0964,techology
0965,sport
0966,techology
0967,techology
0968,techology
0969,techology
0970,techology
0971,religion
0972,religion
0973,sport
0974,sport
0975,sport
0976,sport
0977,techology
0978,techology
0979,techology
0980,techology
0981,religion
0982,religion
0983,sport
0984,sport
0985,sport
0986,techology
0987,sport
0988,sport
0989,sport
0990,religion
0991,sport
0992,sport
0993,techology
0994,religion
0995,sport
0996,religion
0997,religion
0998,techology
0999,religion
1000,techology
1001,sport
1002,techology
1003,techology
1004,religion
1005,religion
1006,religion
1007,religion
1008,techology
1009,techology
1010,techology
1011,religion
1012,techology
1013,techology
1014,religion
1015,religion
1016,sport
1017,sport
1018,religion
1019,religion
1020,sport
1021,sport
1022,techology
1023,sport
1024,sport
1025,sport
1026,religion
1027,religion
1028,techology
1029,sport
1030,religion
1031,sport
1032,techology
1033,sport
1034,religion
1035,techology
1036,techology
1037,religion
1038,religion
1039,sport
1040,sport
1041,techology
1042,techology
1043,techology
1044,techology
1045,religion
1046,techology
1047,techology
1048,sport
1049,techology
1050,techology
1051,techology
1052,religion
1053,sport
1054,religion
1055,sport
1056,techology
1057,sport
1058,religion
1059,religion
1060,techology
1061,religion
1062,religion
1063,religion
1064,religion
1065,sport
1066,religion
1067,techology
1068,sport
1069,religion
1070,sport
1071,religion
1072,sport
1073,techology
1074,sport
1075,techology
1076,religion
1077,religion
1078,religion
1079,techology
1080,techology
1081,sport
1082,sport
1083,sport
1084,religion
1085,techology
1086,techology
1087,sport
1088,techology
1089,techology
1090,sport
1091,religion
1092,techology
1093,religion
1094,religion
1095,sport
1096,sport
1097,religion
1098,religion
1099,sport
1100,techology
1101,religion
1102,techology
1103,techology
1104,techology
1105,religion
1106,religion
1107,sport
1108,sport
1109,religion
1110,sport
1111,techology
1112,sport
1113,religion
1114,techology
1115,techology
1116,religion
1117,religion
1118,sport
1119,sport
1120,techology
1121,sport
1122,religion
1123,sport
1124,religion
1125,religion
1126,religion
1127,techology
1128,religion
1129,religion
1130,techology
1131,sport
1132,sport
1133,sport
1134,techology
1135,sport
1136,sport
1137,religion
1138,techology
1139,religion
1140,religion
1141,techology
1142,religion
1143,religion
1144,techology
1145,techology
1146,techology
1147,techology
1148,sport
1149,techology
1150,religion
1151,techology
1152,techology
1153,techology
1154,religion
1155,religion
1156,sport
1157,techology
1158,sport
1159,religion
1160,sport
1161,religion
1162,techology
1163,religion
1164,religion
1165,sport
1166,religion
1167,techology
1168,religion
1169,sport
1170,techology
1171,sport
1172,sport
1173,sport
1174,sport
1175,sport
1176,sport
1177,sport
1178,sport
1179,sport
1180,techology
1181,sport
1182,techology
1183,sport
1184,techology
1185,religion
1186,sport
1187,religion
1188,religion
1189,sport
1190,religion
1191,sport
1192,techology
1193,religion
1194,sport
1195,religion
1196,religion
1197,sport
1198,sport
1199,techology
1200,religion
1201,religion
1202,sport
1203,techology
1204,techology
1205,religion
1206,techology
1207,techology
1208,sport
1209,sport
1210,techology
1211,religion
1212,techology
1213,sport
1214,techology
1215,religion
1216,techology
1217,sport
1218,religion
1219,techology
1220,religion
1221,sport
1222,sport
1223,sport
1224,sport
1225,religion
1226,sport
1227,religion
1228,techology
1229,religion
1230,religion
1231,techology
1232,techology
1233,sport
1234,sport
1235,sport
1236,sport
1237,religion
1238,religion
1239,religion
1240,techology
1241,religion
1242,sport
1243,techology
1244,sport
1245,sport
1246,sport
1247,techology
1248,techology
1249,religion
1250,sport
1251,sport
1252,religion
1253,religion
1254,religion
1255,techology
1256,religion
1257,religion
1258,sport
1259,sport
1260,religion
1261,sport
1262,religion
1263,sport
1264,sport
1265,sport
1266,sport
1267,sport
1268,techology
1269,sport
1270,sport
1271,religion
1272,sport
1273,religion
1274,techology
1275,techology
1276,techology
1277,religion
1278,sport
1279,techology
1280,techology
1281,techology
1282,sport
1283,sport
1284,sport
1285,techology
1286,religion
1287,techology
1288,sport
1289,religion
1290,religion
1291,religion
1292,techology
1293,techology
1294,techology
1295,sport
1296,religion
1297,religion
1298,religion
1299,techology
1300,techology
1301,techology
1302,religion
1303,religion
1304,religion
1305,religion
1306,sport
1307,sport
1308,religion
1309,sport
1310,religion
1311,religion
1312,techology
1313,religion
1314,sport
1315,religion
1316,sport
1317,religion
1318,religion
1319,techology
1320,sport
1321,religion
1322,religion
1323,sport
1324,sport
1325,techology
1326,religion
1327,religion
1328,techology
1329,sport
1330,techology
1331,religion
1332,religion
1333,religion
1334,techology
1335,sport
1336,religion
1337,techology
1338,sport
1339,sport
1340,religion
1341,sport
1342,religion
1343,techology
1344,religion
1345,religion
1346,techology
1347,techology
1348,techology
1349,religion
1350,sport
1351,religion
1352,sport
1353,techology
1354,religion
1355,techology
1356,religion
1357,religion
1358,techology
1359,techology
1360,sport
1361,sport
1362,techology
1363,techology
1364,religion
1365,techology
1366,techology
1367,techology
1368,techology
1369,sport
1370,techology
1371,techology
1372,sport
1373,sport
1374,techology
1375,sport
1376,religion
1377,techology
1378,techology
1379,sport
1380,techology
1381,religion
1382,sport
1383,sport
1384,sport
1385,sport
1386,techology
1387,techology
1388,techology
1389,religion
1390,techology
1391,religion
1392,techology
1393,religion
1394,techology
1395,sport
1396,religion
1397,religion
1398,sport
1399,techology
1400,techology
1401,sport
1402,religion
1403,religion
1404,sport
1405,sport
1406,sport
1407,religion
1408,techology
1409,techology
1410,sport
1411,religion
1412,religion
1413,techology
1414,techology
1415,religion
1416,techology
1417,techology
1418,sport
1419,religion
1420,religion
1421,sport
1422,sport
1423,techology
1424,religion
1425,techology
1426,sport
1427,sport
1428,sport
1429,techology
1430,sport
1431,techology
1432,sport
1433,techology
1434,sport
1435,religion
1436,sport
1437,sport
1438,techology
1439,sport
1440,religion
1441,sport
1442,techology
1443,sport
1444,religion
1445,sport
1446,techology
1447,sport
1448,techology
1449,sport
1450,religion
1451,techology
1452,religion
1453,sport
1454,religion
1455,sport
1456,religion
1457,religion
1458,techology
1459,techology
1460,sport
1461,techology
1462,techology
1463,sport
1464,religion
1465,religion
1466,techology
1467,religion
1468,religion
1469,religion
1470,religion
1471,techology
1472,religion
1473,sport
1474,religion
1475,techology
1476,religion
1477,sport
1478,techology
1479,techology
1480,religion
1481,techology
1482,sport
1483,sport
1484,sport
1485,sport
1486,religion
1487,techology
1488,sport
1489,sport
1490,techology
1491,religion
1492,sport
1493,religion
1494,sport
1495,sport
1496,techology
1497,techology
1498,techology
1499,techology
1500,sport
1501,techology
1502,sport
1503,religion
1504,techology
1505,religion
1506,religion
1507,techology
1508,sport
1509,religion
1510,religion
1511,techology
1512,sport
1513,sport
1514,religion
1515,sport
1516,sport
1517,religion
1518,religion
1519,religion
1520,religion
1521,techology
1522,sport
1523,religion
1524,techology
1525,religion
1526,religion
1527,religion
1528,techology
1529,sport
1530,religion
1531,sport
1532,techology
1533,sport
1534,religion
1535,religion
1536,techology
1537,religion
1538,techology
1539,religion
1540,sport
1541,sport
1542,religion
1543,sport
1544,techology
1545,techology
1546,techology
1547,sport
1548,sport
1549,techology
1550,religion
1551,religion
1552,sport
1553,religion
1554,techology
1555,religion
1556,religion
1557,religion
1558,techology
1559,techology
1560,religion
1561,sport
1562,religion
1563,sport
1564,techology
1565,religion
1566,sport
1567,techology
1568,sport
1569,techology
1570,religion
1571,religion
1572,religion
1573,sport
1574,sport
1575,techology
1576,religion
1577,sport
1578,religion
1579,sport
1580,religion
1581,religion
1582,religion
1583,religion
1584,religion
1585,sport
1586,techology
1587,techology
1588,sport
1589,sport
1590,religion
1591,religion
1592,religion
1593,techology
1594,techology
1595,religion
1596,techology
1597,techology
1598,techology
1599,techology
1600,religion
1601,religion
1602,techology
1603,techology
1604,techology
1605,sport
1606,sport
1607,techology
1608,sport
1609,sport
1610,techology
1611,techology
1612,religion
1613,sport
1614,sport
1615,religion
1616,sport
1617,techology
1618,sport
1619,techology
1620,sport
1621,religion
1622,religion
1623,religion
1624,religion
1625,sport
1626,religion
1627,religion
1628,sport
1629,sport
1630,religion
1631,religion
1632,religion
1633,techology
1634,sport
1635,sport
1636,religion
1637,sport
1638,sport
1639,techology
1640,religion
1641,religion
1642,religion
1643,sport
1644,sport
1645,religion
1646,religion
1647,sport
1648,techology
1649,sport
1650,sport
1651,sport
1652,religion
1653,religion
1654,sport
1655,religion
1656,religion
1657,religion
1658,religion
1659,techology
1660,sport
1661,religion
1662,techology
1663,sport
1664,religion
1665,religion
1666,religion
1667,techology
1668,religion
1669,religion
1670,sport
1671,sport
1672,religion
1673,sport
1674,techology
1675,techology
1676,techology
1677,techology
1678,techology
1679,religion
1680,sport
1681,sport
1682,religion
1683,techology
1684,sport
1685,sport
1686,religion
1687,sport
1688,techology
1689,sport
1690,religion
1691,sport
1692,religion
1693,sport
1694,religion
1695,sport
1696,sport
1697,techology
1698,religion
1699,religion
1700,techology
1701,sport
1702,sport
1703,sport
1704,techology
1705,sport
1706,religion
1707,techology
1708,sport
1709,techology
1710,sport
1711,religion
1712,religion
1713,techology
1714,sport
1715,sport
1716,religion
1717,religion
1718,religion
1719,religion
1720,religion
1721,religion
1722,religion
1723,techology
1724,sport
1725,sport
1726,religion
1727,techology
1728,sport
1729,techology
1730,sport
1731,sport
1732,techology
1733,sport
1734,techology
1735,sport
1736,techology
1737,sport
1738,sport
1739,techology
1740,religion
1741,techology
1742,techology
1743,religion
1744,sport
1745,religion
1746,techology
1747,sport
1748,techology
1749,techology
1750,techology
1751,religion
1752,sport
1753,religion
1754,sport
1755,religion
1756,religion
1757,religion
1758,religion
1759,sport
1760,sport
1761,techology
1762,techology
1763,techology
1764,sport
1765,sport
1766,religion
1767,religion
1768,sport
1769,sport
1770,religion
1771,religion
1772,sport
1773,sport
1774,religion
1775,sport
1776,religion
1777,religion
1778,techology
1779,religion
1780,techology
1781,religion
1782,techology
1783,sport
1784,techology
1785,religion
1786,techology
1787,sport
1788,techology
1789,sport
1790,techology
1791,techology
1792,sport
1793,techology
1794,religion
1795,techology
1796,religion
1797,sport
1798,sport
1799,religion
1800,religion
1801,sport
1802,religion
1803,sport
1804,sport
1805,techology
1806,sport
1807,techology
1808,techology
1809,sport
1810,sport
1811,sport
1812,religion
1813,techology
1814,religion
1815,techology
1816,sport
1817,religion
1818,techology
1819,sport
1820,techology
1821,techology
1822,techology
1823,sport
1824,sport
1825,religion
1826,techology
1827,sport
1828,sport
1829,religion
1830,religion
1831,techology
1832,techology
1833,techology
1834,sport
1835,techology
1836,sport
1837,religion
1838,sport
1839,techology
1840,religion
1841,techology
1842,sport
1843,religion
1844,techology
1845,techology
1846,religion
1847,religion
1848,religion
1849,techology
1850,religion
1851,religion
1852,sport
1853,religion
1854,techology
1855,sport
1856,religion
1857,techology
1858,religion
1859,sport
1860,religion
1861,sport
1862,religion
1863,religion
1864,sport
1865,religion
1866,techology
1867,religion
1868,techology
1869,religion
1870,techology
1871,religion
1872,techology
1873,techology
1874,techology
1875,sport
1876,techology
1877,techology
1878,religion
1879,religion
1880,religion
1881,techology
1882,sport
1883,sport
1884,religion
1885,sport
1886,religion
1887,techology
1888,religion
1889,religion
1890,religion
1891,religion
1892,sport
1893,religion
1894,techology
1895,religion
1896,techology
1897,religion
1898,sport
1899,sport
1900,techology
1901,techology
1902,techology
1903,techology
1904,techology
1905,religion
1906,religion
1907,techology
1908,religion
1909,religion
1910,religion
1911,religion
1912,religion
1913,sport
1914,religion
1915,techology
1916,religion
1917,techology
1918,religion
1919,religion
1920,techology
1921,religion
1922,techology
1923,religion
1924,sport
1925,techology
1926,sport
1927,sport
1928,religion
1929,sport
1930,sport
1931,religion
1932,techology
1933,religion
1934,sport
1935,religion
1936,sport
1937,sport
1938,techology
1939,religion
1940,sport
1941,techology
1942,sport
1943,techology
1944,techology
1945,religion
1946,sport
1947,sport
1948,sport
1949,techology
1950,sport
1951,techology
1952,religion
1953,sport
1954,religion
1955,techology
1956,techology
1957,techology
1958,religion
1959,techology
1960,religion
1961,sport
1962,sport
1963,religion
1964,techology
1965,religion
1966,religion
1967,religion
1968,techology
1969,techology
1970,religion
1971,religion
1972,sport
1973,religion
1974,religion
1975,religion
1976,sport
1977,religion
1978,sport
1979,sport
1980,sport
1981,sport
1982,techology
1983,techology
1984,sport
1985,techology
1986,techology
1987,techology
1988,religion
1989,techology
1990,sport
1991,sport
1992,religion
1993,techology
1994,religion
1995,techology
1996,religion
1997,religion
1998,sport
1999,sport
2000,religion
2001,techology
2002,techology
2003,sport
2004,sport
2005,religion
2006,techology
2007,techology
2008,techology
2009,sport
2010,sport
2011,religion
2012,religion
2013,sport
2014,religion
2015,religion
2016,religion
2017,techology
2018,sport
2019,sport
2020,religion
2021,sport
2022,religion
2023,religion
2024,religion
2025,religion
2026,religion
2027,religion
2028,techology
2029,techology
2030,religion
2031,techology
2032,techology
2033,sport
2034,techology
2035,religion
2036,sport
2037,sport
2038,sport
2039,techology
2040,sport
2041,religion
2042,techology
2043,sport
2044,religion
2045,techology
2046,techology
2047,religion
2048,sport
2049,religion
2050,techology
2051,sport
2052,religion
2053,techology
2054,religion
2055,sport
2056,techology
2057,sport
2058,techology
2059,religion
2060,religion
2061,sport
2062,techology
2063,techology
2064,sport
2065,religion
2066,religion
2067,sport
2068,techology
2069,religion
2070,techology
2071,sport
2072,techology
2073,techology
2074,techology
2075,sport
2076,sport
2077,sport
2078,techology
2079,religion
2080,sport
2081,sport
2082,techology
2083,religion
2084,sport
2085,religion
2086,religion
2087,sport
2088,techology
2089,techology
2090,techology
2091,techology
2092,techology
2093,techology
2094,sport
2095,sport
2096,sport
2097,sport
2098,techology
2099,techology
2100,religion
2101,sport
2102,religion
2103,sport
2104,techology
2105,sport
2106,techology
2107,sport
2108,religion
2109,sport
2110,techology
2111,techology
2112,techology
2113,religion
2114,techology
2115,religion
2116,religion
2117,sport
2118,sport
2119,techology
2120,techology
2121,sport
2122,sport
2123,sport
2124,religion
2125,techology
2126,religion
2127,techology
2128,techology
2129,techology
2130,sport
2131,religion
2132,sport
2133,sport
2134,religion
2135,techology
2136,techology
2137,techology
2138,religion
2139,religion
2140,religion
2141,techology
2142,religion
2143,sport
2144,religion
2145,religion
2146,religion
2147,sport
2148,religion
2149,techology
2150,techology
2151,sport
2152,techology
2153,religion
2154,techology
2155,religion
2156,techology
2157,techology
2158,techology
2159,techology
2160,religion
2161,techology
2162,religion
2163,religion
2164,religion
2165,sport
2166,sport
2167,religion
2168,sport
2169,techology
2170,techology
2171,sport
2172,sport
2173,sport
2174,techology
2175,religion
2176,religion
2177,religion
2178,sport
2179,sport
2180,techology
2181,techology
2182,religion
2183,religion
2184,sport
2185,religion
2186,sport
2187,religion
2188,techology
2189,sport
2190,religion
2191,religion
2192,sport
2193,techology
2194,religion
2195,religion
2196,religion
2197,sport
2198,sport
2199,sport
2200,religion
2201,techology
2202,sport
2203,techology
2204,techology
2205,sport
2206,techology
2207,sport
2208,techology
2209,techology
2210,religion
2211,sport
2212,sport
2213,religion
2214,religion
2215,techology
2216,religion
2217,religion
2218,techology
2219,sport
2220,religion
2221,religion
2222,sport
2223,religion
2224,techology
2225,techology
2226,sport
2227,techology
2228,religion
2229,sport
2230,sport
2231,religion
2232,religion
2233,religion
2234,sport
2235,religion
2236,techology
2237,religion
2238,sport
2239,sport
2240,techology
2241,religion
2242,sport
2243,techology
2244,techology
2245,sport
2246,sport
2247,religion
2248,techology
2249,religion
2250,religion
2251,sport
2252,religion
2253,sport
2254,sport
2255,religion
2256,religion
2257,techology
2258,sport
2259,techology
2260,religion
2261,sport
2262,religion
2263,sport
2264,techology
2265,religion
2266,religion
2267,sport
2268,techology
2269,sport
2270,religion
2271,techology
2272,religion
2273,techology
2274,religion
2275,techology
2276,sport
2277,religion
2278,techology
2279,techology
2280,sport
2281,techology
2282,religion
2283,sport
2284,religion
2285,techology
2286,sport
2287,techology
2288,techology
2289,techology
2290,religion
2291,sport
2292,techology
2293,techology
2294,sport
2295,techology
2296,techology
2297,techology
2298,religion
2299,religion
2300,sport
2301,religion
2302,sport
2303,religion
2304,sport
2305,sport
2306,sport
2307,religion
2308,sport
2309,religion
2310,sport
2311,religion
2312,sport
2313,sport
2314,techology
2315,religion
2316,religion
2317,religion
2318,techology
2319,techology
2320,techology
2321,sport
2322,religion
2323,sport
2324,sport
2325,sport
2326,techology
2327,sport
2328,religion
2329,religion
2330,techology
2331,sport
2332,religion
2333,sport
2334,religion
2335,sport
2336,sport
2337,sport
2338,religion
2339,religion
2340,techology
2341,sport
2342,sport
2343,techology
2344,religion
2345,sport
2346,sport
2347,religion
2348,religion
2349,sport
2350,techology
2351,religion
2352,religion
2353,religion
2354,sport
2355,sport
2356,techology
2357,sport
2358,sport
2359,sport
2360,techology
2361,religion
2362,religion
2363,religion
2364,techology
2365,religion
2366,religion
2367,techology
2368,sport
2369,techology
2370,techology
2371,techology
2372,sport
2373,religion
2374,religion
2375,techology
2376,techology
2377,techology
2378,techology
2379,sport
2380,sport
2381,religion
2382,sport
2383,religion
2384,religion
2385,religion
2386,techology
2387,techology
2388,sport
2389,sport
2390,techology
2391,techology
2392,sport
2393,techology
2394,sport
2395,sport
2396,sport
2397,techology
2398,religion
2399,religion
2400,techology
2401,techology
2402,religion
2403,techology
2404,sport
2405,sport
2406,religion
2407,sport
2408,sport
2409,techology
2410,religion
2411,sport
2412,sport
2413,sport
2414,religion
2415,sport
2416,sport
2417,religion
2418,sport
2419,religion
2420,religion
2421,sport
2422,religion
2423,religion
2424,techology
2425,techology
2426,sport
2427,religion
2428,religion
2429,techology
2430,techology
2431,techology
2432,religion
2433,sport
2434,sport
2435,religion
2436,sport
2437,religion
2438,techology
2439,techology
2440,techology
2441,sport
2442,sport
2443,sport
2444,techology
2445,religion
2446,sport
2447,techology
2448,religion
2449,religion
2450,techology
2451,religion
2452,sport
2453,religion
2454,techology
2455,techology
2456,religion
2457,sport
2458,religion
2459,sport
2460,religion
2461,religion
2462,techology
2463,religion
2464,sport
2465,sport
2466,techology
2467,religion
2468,techology
2469,techology
2470,sport
2471,sport
2472,sport
2473,techology
2474,religion
2475,sport
2476,sport
2477,religion
2478,sport
2479,sport
2480,sport
2481,techology
2482,religion
2483,religion
2484,religion
2485,techology
2486,sport
2487,religion
2488,sport
2489,religion
2490,sport
2491,sport
2492,sport
2493,techology
2494,religion
2495,techology
2496,religion
2497,techology
2498,techology
2499,techology
2500,techology
2501,religion
2502,sport
2503,techology
2504,religion
2505,sport
2506,techology
2507,techology
2508,religion
2509,sport
2510,sport
2511,sport
2512,religion
2513,sport
2514,techology
2515,religion
2516,sport
2517,religion
2518,religion
2519,techology
2520,religion
2521,techology
2522,techology
2523,techology
2524,sport
2525,religion
2526,sport
2527,religion
2528,techology
2529,sport
2530,techology
2531,sport
2532,sport
2533,sport
2534,religion
2535,techology
2536,religion
2537,religion
2538,sport
2539,religion
2540,religion
2541,sport
2542,religion
2543,techology
2544,techology
2545,religion
2546,religion
2547,sport
2548,religion
2549,religion
2550,techology
2551,sport
2552,sport
2553,techology
2554,techology
2555,sport
2556,techology
2557,sport
2558,techology
2559,sport
2560,religion
2561,techology
2562,techology
2563,sport
2564,techology
2565,religion
2566,techology
2567,techology
2568,sport
2569,religion
2570,sport
2571,religion
2572,techology
2573,sport
2574,religion
2575,sport
2576,sport
2577,sport
2578,techology
2579,sport
2580,religion
2581,religion
2582,sport
2583,sport
2584,techology
2585,religion
2586,religion
2587,sport
2588,religion
2589,religion
2590,techology
2591,sport
2592,sport
2593,techology
2594,sport
2595,religion
2596,religion
2597,sport
2598,techology
2599,techology
2600,techology
2601,techology
2602,sport
2603,techology
2604,techology
2605,techology
2606,sport
2607,religion
2608,techology
2609,techology
2610,techology
2611,religion
2612,sport
2613,techology
2614,religion
2615,techology
2616,techology
2617,techology
2618,techology
2619,sport
2620,sport
2621,religion
2622,techology
2623,sport
2624,religion
2625,techology
2626,techology
2627,techology
2628,religion
2629,sport
2630,techology
2631,religion
2632,techology
2633,religion
2634,sport
2635,techology
2636,techology
2637,religion
2638,sport
2639,religion
2640,sport
2641,religion
2642,sport
2643,religion
2644,religion
2645,sport
2646,techology
2647,religion
2648,religion
2649,religion
2650,techology
2651,sport
2652,sport
2653,religion
2654,techology
2655,religion
2656,sport
2657,sport
2658,techology
2659,techology
2660,religion
2661,religion
2662,techology
2663,sport
2664,religion
2665,sport
2666,techology
2667,sport
2668,religion
2669,religion
2670,sport
2671,religion
2672,sport
2673,sport
2674,religion
2675,techology
2676,sport
2677,religion
2678,sport
2679,techology
2680,religion
2681,sport
2682,techology
2683,sport
2684,techology
2685,sport
2686,sport
2687,religion
2688,techology
2689,sport
2690,religion
2691,religion
2692,religion
2693,religion
2694,sport
2695,sport
2696,religion
2697,religion
2698,sport
2699,religion
2700,techology
2701,sport
2702,religion
2703,techology
2704,religion
2705,religion
2706,sport
2707,sport
2708,techology
2709,religion
2710,sport
2711,religion
2712,sport
2713,sport
2714,religion
2715,techology
2716,sport
2717,religion
2718,sport
2719,techology
2720,techology
2721,techology
2722,religion
2723,sport
2724,religion
2725,religion
2726,religion
2727,religion
2728,sport
2729,religion
2730,sport
2731,sport
2732,religion
2733,techology
2734,techology
2735,techology
2736,religion
2737,religion
2738,techology
2739,religion
2740,techology
2741,sport
2742,sport
2743,techology
2744,techology
2745,techology
2746,sport
2747,sport
2748,techology
2749,sport
2750,techology
2751,sport
2752,sport
2753,techology
2754,religion
2755,techology
2756,religion
2757,religion
2758,techology
2759,sport
2760,religion
2761,sport
2762,sport
2763,sport
2764,techology
2765,sport
2766,techology
2767,sport
2768,sport
2769,techology
2770,religion
2771,sport
2772,sport
2773,religion
2774,religion
2775,religion
2776,techology
2777,religion
2778,sport
2779,techology
2780,techology
2781,religion
2782,religion
2783,techology
2784,sport
2785,religion
2786,sport
2787,techology
2788,religion
2789,sport
2790,techology
2791,techology
2792,religion
2793,religion
2794,religion
2795,sport
2796,sport
2797,religion
2798,religion
2799,sport
2800,techology
2801,techology
2802,techology
2803,techology
2804,sport
2805,sport
2806,sport
2807,sport
2808,techology
2809,techology
2810,religion
2811,techology
2812,techology
2813,techology
2814,religion
2815,sport
2816,techology
2817,sport
2818,sport
2819,religion
2820,sport
2821,sport
2822,techology
2823,techology
2824,religion
2825,religion
2826,religion
2827,techology
2828,religion
2829,sport
2830,religion
2831,religion
2832,sport
2833,religion
2834,sport
2835,religion
2836,techology
2837,sport
2838,religion
2839,sport
2840,techology
2841,techology
2842,sport
2843,religion
2844,sport
2845,religion
2846,sport
2847,religion
2848,techology
2849,religion
2850,religion
2851,sport
2852,religion
2853,sport
2854,techology
2855,religion
2856,techology
2857,techology
2858,techology
2859,religion
2860,techology
2861,sport
2862,techology
2863,techology
2864,religion
2865,techology
2866,religion
2867,techology
2868,techology
2869,religion
2870,sport
2871,religion
2872,religion
2873,religion
2874,religion
2875,religion
2876,techology
2877,sport
2878,techology
2879,religion
2880,techology
2881,techology
2882,religion
2883,religion
2884,sport
2885,religion
2886,religion
2887,sport
2888,sport
2889,techology
2890,sport
2891,sport
2892,techology
2893,religion
2894,techology
2895,religion
2896,techology
2897,techology
2898,techology
2899,sport
2900,sport
2901,sport
2902,religion
2903,sport
2904,sport
2905,techology
2906,religion
2907,religion
2908,techology
2909,sport
2910,religion
2911,religion
2912,religion
2913,religion
2914,sport
2915,sport
2916,techology
2917,techology
2918,sport
2919,techology
2920,sport
2921,religion
2922,sport
2923,sport
2924,techology
2925,techology
2926,sport
2927,techology
2928,sport
2929,religion
2930,techology
2931,religion
2932,techology
2933,techology
2934,sport
2935,religion
2936,sport
2937,techology
2938,techology
2939,religion
2940,techology
2941,techology
2942,techology
2943,religion
2944,techology
2945,sport
2946,techology
2947,sport
2948,techology
2949,sport
2950,sport
2951,religion
2952,sport
2953,sport
2954,religion
2955,sport
2956,religion
2957,religion
2958,sport
2959,techology
2960,techology
2961,techology
2962,religion
2963,techology
2964,religion
